Time,Title,URL
2020-08-22 07:07:11,Serbia No Longer Requires a PCR Test for Transit Passengers from Bulgaria,https://www.novinite.com/articles/205770/Serbia+No+Longer+Requires+a+PCR+Test+for+Transit+Passengers+from+Bulgaria
2020-08-21 09:45:03,Dodik: Armed Forces of Bosnia and Herzegovina will not go near the Border with Serbia,http://www.sarajevotimes.com/dodik-armed-forces-of-bosnia-and-herzegovina-will-not-go-near-the-border-with-serbia/
2020-08-25 06:37:49,Serbia to procure three COVID-19 vaccines,https://www.euractiv.com/section/all/short_news/serbia-to-procure-three-covid-19-vaccines/
2020-08-19 11:11:58,Montenegro and Serbia restore air travel between themselves,https://www.index.hr/world/clanak/montenegro-and-serbia-restore-air-travel-between-themselves/2206220.aspx
2020-08-24 06:43:06,Dacic: Biden's ‘option' not better for Serbia,https://www.euractiv.com/section/all/short_news/dacic-bidens-option-not-better-for-serbia/
2020-08-20 18:15:00,"Vučić: Ramush can return the plane, so as not to waste kerosine",http://www.b92.net//eng/news/politics.php?yyyy=2020&mm=08&dd=20&nav_id=109158
2020-08-23 01:48:23,"White House invites leaders of Serbia, Kosovo to talks on September 4",https://tass.com/world/1192709
2020-08-22 23:53:58,Leaders Of Serbia And Kosovo To Meet At White House On September 4,https://www.rferl.org/a/30797518.html
2020-08-20 14:15:07,"Komsic: Until we put the Army on the Border with Serbia, the Migrants will stay here",http://www.sarajevotimes.com/komsic-until-we-put-the-army-on-the-border-with-serbia-the-migrants-will-stay-here/
2020-08-21 00:00:00,"Healthcare, Vol. 8, Pages 283: Long-Term Trend of Liver Cancer Mortality in Serbia, 1991–2015: An Age-Period-Cohort and Joinpoint Regression Analysis",https://www.mdpi.com/2227-9032/8/3/283
2020-08-22 21:20:23,Serbia quiet on fence building near border,https://www.macaubusiness.com/serbia-quiet-on-fence-building-near-border/
2020-08-24 16:00:00,"Vespa Muzej Srbija (Vespa Museum Serbia) in Belgrade, Serbia",https://www.atlasobscura.com/places/vespa-muzej-srbija-vespa-museum-serbia
2020-08-24 23:15:06,Serbia turns brandy into hospital disinfectant,https://www.macaubusiness.com/serbia-turns-brandy-into-hospital-disinfectant/
2020-08-24 09:26:08,Serbia Re-opens Cinemas,http://www.filmneweurope.com/news/serbia-news/item/120462-serbia-re-opens-cinemas
2020-08-22 01:31:45,"Poland to resume air service with China, Gabon, Singapore, Serbia, Russia and Sao Tome",https://www.eturbonews.com/580393/poland-to-resume-air-service-with-china-gabon-singapore-serbia-russia-and-sao-tome/
2020-08-19 18:00:00,"Museum of Yugoslavia in Beograd, Serbia",https://www.atlasobscura.com/places/museum-of-yugoslavia
2020-08-20 06:45:13,Nine Suspects deprived of Liberty in Joint Action of Bosnia and Herzegovina and Serbia,http://www.sarajevotimes.com/nine-suspects-deprived-of-liberty-in-joint-action-of-bosnia-and-herzegovina-and-serbia/
2020-08-24 13:55:59,Serbia reports record low daily tally of new COVID-19 cases since March,https://tass.com/world/1193165
2020-08-21 13:00:00,"Ada Stonehenge in Belgrade, Serbia",https://www.atlasobscura.com/places/ada-stonehenge
2020-08-21 10:56:33,"Serbia: ICRC Belgrade Regional Delegation - Issue #3, 2020",https://reliefweb.int/report/serbia/icrc-belgrade-regional-delegation-issue-3-2020
2020-08-25 07:35:59,Criminal case against Azerbaijan's ex-ambassador to Serbia transferred to Prosecutor General's Office,https://en.trend.az/azerbaijan/society/3289083.html
2020-08-24 03:40:31,Childhood packed in a rucksack: young refugees at risk in the Balkans,http://www.digitaljournal.com/news/world/childhood-packed-in-a-rucksack-young-refugees-at-risk-in-the-balkans/article/576815
2020-08-25 06:39:01,Serbs in Croatia don't need Belgrade's mentorship or Zagreb's patronage,https://www.euractiv.com/section/all/short_news/serbs-in-croatia-dont-need-belgrades-mentorship-or-zagrebs-patronage/
2020-08-20 05:00:00,Serbia - Bratunac signs Jeremic just out of college,https://www.eurobasket.com/Serbia/news/641616/Bratunac-signs-Jeremic-just-out-of-college
2020-08-20 08:22:48,Serbia's ‘Bad Blood' Becomes First Sarajevo CineLink Drama Project to Start Production,https://variety.com/2020/film/global/bad-blood-sarajevo-cinelink-1234738993/
2020-08-18 10:23:19,Serbia,https://www.gov.uk/foreign-travel-advice/serbia
2020-08-21 23:34:10,Serbia: new regulations for Romanian citizens,http://www.romania-actualitati.ro/serbia-new-regulations-for-romanian-citizens-144553
2020-08-18 14:10:28,"A city for a champion: Belgrade, the birthplace of Novak Djokovic",https://www.tennisworldusa.org/other_news/travel/90283/a-city-for-a-champion-belgrade-the-birthplace-of-novak-djokovic/
2020-08-18 11:45:35,"Two arrested for smuggling migrants, situation in Velika Kladusa still tense",https://www.index.hr/world/clanak/two-arrested-for-smuggling-migrants-situation-in-velika-kladusa-still-tense/2205969.aspx
2020-08-20 06:34:00,Serbian Inmates Hired for a Pittance by Subsidiary of Austrian Construction Giant,https://balkaninsight.com/2020/08/20/serbian-inmates-hired-for-a-pittance-by-subsidiary-of-austrian-construction-giant/
2020-08-20 17:20:43,Pursuit of Federer's record spurred Djokovic to compete in US Open,https://www.channelnewsasia.com/news/sport/pursuit-of-federer-s-record-spurred-djokovic-to-compete-in-us-open-13039518
2020-08-18 06:53:42,Dental Practice Startup Support,https://gogetfunding.com/dental-practice-startup-support/
2020-08-23 10:14:18,Crow: Center of Europe would be on Poland-Serbia axis. Its not what one love or don't love. Its just what is reality. |,https://polishforums.com/genealogy/ukranian-roots-genes-42320/3/#msg1750933
2020-08-24 11:31:21,The Balkan industry joins forces in the face of the crisis - Sarajevo 2020 - CineLink Industry Days,https://www.cineuropa.org/en/newsdetail/391251/
2020-08-21 12:14:57,"Projects from Serbia, Hungary and Georgia win at Sarajevo's Docu Rough Cut Boutique - Sarajevo 2020 - CineLink Industry Days/Awards",https://www.cineuropa.org/en/newsdetail/391185/
2020-08-21 05:51:22,"Interview: Danijela Stajnfeld • Director of Hold Me Right - ""Making this film was a healing process in the aftermath of a sexual assault"" - Sarajevo 2020 - Documentary Competition",https://cineuropa.org/en/video/391162/
2020-08-20 17:18:00,Pursuit of Federer's record spurred Djokovic to compete in U.S. Open,https://uk.reuters.com/article/uk-tennis-usopen-djokovic/pursuit-of-federers-record-spurred-djokovic-to-compete-in-u-s-open-idUKKBN25G258
2020-08-24 17:05:29,Migrants at center of political tug-of-war in divided Bosnia,https://news.yahoo.com/migrants-center-political-tug-war-170529837.html
2020-08-24 17:06:02,Migrants at center of political tug-of-war in divided Bosnia,https://abcnews.go.com/International/wireStory/migrants-center-political-tug-war-divided-bosnia-72573213
2020-08-24 17:21:24,Migrants at centre of political tug-of-war in divided Bosnia,https://www.thestar.com/news/world/us/2020/08/24/migrants-at-centre-of-political-tug-of-war-in-divided-bosnia.html
2020-08-22 13:28:35,Poland opens borders for Russians,http://vestnikkavkaza.net/material/135104
2020-08-24 09:00:00,St. Francis alum King signs with KK Sloga,https://www.tribdem.com/sports/st-francis-alum-king-signs-with-kk-sloga/article_c10305d2-e5aa-11ea-82c3-bf933a890cd1.html
2020-08-21 09:36:49,2128 Gender-Based Violence Expert - Belgrade,https://jobs.undp.org/cj_view_job.cfm?job_id=93538
2020-08-23 13:18:00,Russia ready to co-operate with Huawei on 5G - Ifax cites Lavrov,https://in.reuters.com/article/huawei-5g-russia/russia-ready-to-co-operate-with-huawei-on-5g-ifax-cites-lavrov-idINKBN25J0F2
2020-08-20 18:16:33,"Novak Djokovic Says Rafael Nadal, Roger Federer Will Be ‘Missed A Lot' At U.S. Open",https://www.forbes.com/sites/adamzagoria/2020/08/20/novak-djokovic-says-rafael-nadal-roger-federer-will-be-missed-a-lot-at-us-open/
2020-08-19 16:32:33,Is Belarus a color revolution? The real problem is that ANY protest these days may be,https://www.rt.com/op-ed/498443-belarus-color-revolution-coup/?utm_source=rss&utm_medium=rss&utm_campaign=RSS
2020-08-21 15:00:58,Hungary: Muslim migrants dig under border fence and enter the country through hand-dug tunnels,https://www.jihadwatch.org/2020/08/hungary-muslim-migrants-digging-under-border-fence-and-entering-the-country-through-hand-dug-tunnels
2020-08-24 06:41:30,BELGRADE  – White House meeting set for 4 September,https://www.euractiv.com/section/all/short_news/belgrade-white-house-meeting-set-for-4-september/
2020-08-24 17:20:19,Migrants at center of political tug-of-war in divided Bosnia,https://roanoke.com/news/world/migrants-at-center-of-political-tug-of-war-in-divided-bosnia/article_0ad59667-66ee-5b4f-9d8a-b7c08b1c945b.html
2020-08-24 17:20:19,Migrants at center of political tug-of-war in divided Bosnia,https://billingsgazette.com/news/world/migrants-at-center-of-political-tug-of-war-in-divided-bosnia/article_7f13b76e-0960-512c-a04a-37e3bbcf152f.html
